question,ground_truth,answer
What was the main legal issue in the appeal case of Nand Singh and his sons concerning the allotment of land in the village Raikot?,The main legal issue in the appeal case was whether the Deputy Custodian General had the jurisdiction to revise the order canceling the allotment of land in Raikot made in favor of the appellants after the enactment of the 1954 Act and the notification issued thereunder.,"The main legal issue in the appeal case of Nand Singh and his sons revolved around their right to the allotment of a plot of agricultural land within the revenue records. They claimed entit vice from an order dated February 23, 1974, which was issued by the Collectorate after considering their claims under Section 6(i) and (ii) of The Jammu Kashmir Civil Disputes Act, 1952."
"On what grounds did the Deputy Custodian General dismiss the appellants' application in the judgment dated November 8, 1957?","The Deputy Custodian General dismissed the appellants' application on the grounds that his jurisdiction to revise the order had been taken away by the provisions of the 1954 Act and the notification issued on March 24, 1955. The decision relied on the precedent set in the case of Bal Mukund vs. The State of Punjab.","The text does not provide specific details on why the Deputy Custodian General dismissed the appellant's application. However, it is inferred that he may have deemed the case as non-meritorious or beyond his jurisdiction. The dismissal was challenged by the appellants in a subsequent hearing where they sought to invalidate the original decision and requested permission to amend their memorandum of appeal."
What was the main legal issue concerning the timing of when property in the goods passed in the context of the sales on FOB contracts in this case?," The main legal issue was whether the property in the goods passed to the buyers at the time of shipment (i.e., after crossing the customs frontier) or at some point before shipment. The sellers argued that the property passed on shipment, thus exempting them from sales tax under article 286(1)(b) of the Constitution. The court had to determine if the sales occurred ""in the course of export"" and if the goods were indeed exempt from sales tax based on the timing of the property transfer.","The primary legal issue revolved around determining at which point the title, or ownership rights to the goods, transitioned from the seller (Golden State) to the buyer. In the context of FOB (free on board) sales agreements—a shipping term that implies risk transfers once goods are loaded onto a vehicle for transportation—the timing when property in the goods passed was critical because it dictated who would be responsible if the goods were damaged or lost during transit."
How did the court interpret the provision of section 10(b) of the Bombay Sales Tax Act regarding the levy of purchase tax?,"he court interpreted section 10(b) of the Bombay Sales Tax Act to mean that the term ""a person"" refers specifically to a registered dealer. Therefore, the purchasing dealer was liable for purchase tax if the goods were not dispatched outside the State of Bombay by a registered dealer, despite having furnished a certificate under section 8(b) of the Act. The court concluded that the legislative intent was to ensure that the actual despatch outside the state was carried out by a registered dealer to comply with the provisions and that failing to do so justified the levy of purchase tax.","The interpretation of section #10(b) of the Bombay Sales Tax Act has been subject to judicial scrutiny. In a notable case, ""Bombay High Court vs State,"" wherein the court examined whether or not the sale was 'taxable'. The court interpreted that for the levy of purchase tax under section#1 vice versa."
 What was the basis for the conviction of Ram Singh in the case discussed?,"Ram Singh was convicted of the murder of Sheo Sahai based on several pieces of evidence. The prosecution presented evidence of motive, including a prior dispute between the appellant and the victim, and established that Ram Singh purchased a sword, which was later found stained with human blood. Additionally, Ram Singh made an extra-judicial confession to Ujagar Singh, admitting to the crime. Despite the High Court initially rejecting this confession, the Supreme Court found that the evidence, including the sword's condition and Ram Singh's actions, sufficiently supported his conviction for murder under Section 302, I.P.C."," The conviction of Ram Singh, a key individual involved in the Bofors arms deal scandal during Rajiv Gandhi's tenure as Prime Minister, hinged on multiple pieces of evidence. This included an unsealed letter from Swedish prosecutors that was sent to Delhi police in April 1987 and then to the Central Bureau of Investigation (CBI) a year later. The letter revealed suspicious payments made by Italian company SFL, which had been hired as agents for Bofors AB, a Swedish arms manufacturer. These payments were directed towards various individuals including Rajiv Gandhi's brother-in-law and his close aide, who was also the Indian ambassador to Sweden at the time. 

Moreover, another crucial piece of evidence was SFL's records which showed payments made to several other intermediaries. These included Ram Singh, whose role as an agent for Swedish companies was well-established. His involvement in the Bofors scandal and the subsequent evidence against him were significant factors leading to his conviction."
Why did the Supreme Court find it unnecessary to decide on the admissibility of the portions of the report dictated by Ram Singh at the Police Station?," The Supreme Court found it unnecessary to decide on the admissibility of the portions of the report dictated by Ram Singh at the Police Station because there was substantial independent evidence to support the conviction. This included testimony about the motive, the purchase of the sword, and the sword being stained with human blood. The Court concluded that the independent evidence was sufficient to establish Ram Singh's guilt, making it unnecessary to determine whether the dictated report was admissible as evidence.","The Supreme Court found that the trial court had already correctly applied the legal provisions related to confessions made in police custody, including the requirement for voluntariness and the exclusion of evidence if obtained through improper means. The admissibility of parts dictated by Ram Singh was therefore not a point of contention requiring further Supreme Court intervention as it had been properly addressed at trial court level. This implies that once the legal criteria were met, there was no need for the appellate court to step in on this specific issue again."
"What was the primary contention of the appellant regarding the termination of Sankaran's employment, and how did the Court address this contention?","The primary contention of the appellant was that under Rule 18(a) of the Standing Orders, they were entitled to terminate the services of any employee by providing 14 days' notice or paying 12 days' wages without needing to justify the termination. The appellant argued that this rule allowed them to dispense with Sankaran's services without the need for a departmental inquiry. The Court, however, rejected this contention, stating that the right to terminate employment under Rule 18(a) was not absolute and could not be used in a manner that negates the security of service provided to industrial employees through industrial adjudication. The Court held that even if termination was executed under Rule 18(a), it was subject to scrutiny by the industrial tribunal to ensure that the action was bona fide and not a colourable exercise of powe","The main issue raised by the appellant (Sankaran) was that his dismissal from employment due to a criminal conviction violated Articles 14 and 23(2), as well as Article 20 of the Indian Constitution. The appellant argued that he should not be penalized for crimes committed in the course of official duty, as per Section 197 read with Section 85 of the Criminal Procedure Code (CrPC).

The Court, however, disagreed with this contention. It held that Article 23(2) would not be violated since a conviction for an offence under Sections 406 and 120B is not a compoundable offence according to Section 18 of the Indian Penal Code (IPC). Thus, even if Sankaran's crime was committed during his official duty as argued by him, it doesn't make the conviction for those crimes compoundable.

The Court also ruled that since the termination resulted from a criminal conviction, which is not protected under Article 14 and Article 23(2), these articles were not violated in this case. The Court further held that there was no evidence to suggest Sankaran was trying to avoid legal proceedings or had committed perjury, thereby dismissing any claims of misconduct on his part during the trial for corruption charges.

Lastly, regarding Article 20(4), which protects individuals from ex post facto laws, the Court stated that this article didn't apply since Sankaran was already convicted and punished before he faced dismissal proceedings. The punishment of termination was a consequence for his actions as an employee and not a retroactive law targeting past behavior."
"What were the reasons provided by the tribunal for setting aside the appellant's termination order, and how did the Supreme Court view these reasons?","The tribunal set aside the termination order on the grounds that the appellant's action was a colourable exercise of power under Rule 18(a). The tribunal found that while the appellant initially intended to take disciplinary action against Sankaran for alleged misconduct, it later abandoned this course and used Rule 18(a) to terminate Sankaran's services without conducting a departmental inquiry. The tribunal also noted that important witnesses who could have corroborated the alleged misconduct were not presented. The Supreme Court upheld the tribunal’s decision, agreeing that the exercise of power under Rule 18(a) was not bona fide and was intended to avoid the procedural requirements of a disciplinary inquiry. The Court emphasized that the industrial tribunal had the jurisdiction to scrutinize the action taken under Rule 18(a) and ensure it was not a result of unfair labour practices or victimization.","The tribunal set aside the appellant’s termination on grounds that he had not been accorded an opportunity to present his case before it. This was viewed as a fundamental violation of natural justice principles by the Supreme Court. The court also highlighted the lack of procedural fairness in the proceedings, which is essential for maintaining trust and confidence in administrative tribunals."
What were the primary allegations against the appellant in the appeals before the Supreme Court?,"The primary allegations against the appellant were that he either stole or secreted five registered letters and fabricated three receipts to show that these letters were received by the addressees. The appellant was charged under section 52 of the Indian Post Office Act, 1898, and in two cases, also under sections 467 and 471 of the Indian Penal Code.","The precise nature of the allegations would depend on the details of the specific case. However, generally speaking, it could include issues such as violation of constitutional rights or civil liberties, procedural errors during trial that may have impacted the fairness of the proceedings, improper admission or exclusion of evidence which may have affected the verdict, or claims that there were insufficient grounds for a conviction."
On what grounds did the Supreme Court decide to set aside the conviction and sentences against the appellant?,"The Supreme Court set aside the conviction and sentences on the grounds that the prosecution failed to prove that the five registered letters were in the exclusive possession of the appellant. The Court found that the almirah where the letters were found was not exclusively in the appellant's possession, as the key was produced by his father, and there was no evidence to establish that the appellant had exclusive control over the almirah or the letters. Therefore, the Court concluded that the prosecution had not sufficiently proven the appellant's possession or that he had secreted the letters.","The Supreme Court's decision would be based on specific legal interpretations of federal law. The court may have found that there were procedural errors during the trial or sentencing, that evidence was wrongfully admitted or suppressed, or that the sentence did not comply with statutory requirements. It could also be due to a violation of constitutional rights such as the right to effective counsel or protection against self-incrimination. However, without specific details about this case, it's impossible to state definitively why they decided to set aside the conviction and sentences."
What was the central issue in the appeals regarding the interpretation of Section 24B of the Income Tax Act?,"The central issue in the appeals was the interpretation of Section 24B of the Income Tax Act concerning the taxability of income received by the heirs and legal representatives of a deceased person. Specifically, the question was whether the income received by the heirs and legal representatives after the death of Amarchand N. Shroff could be deemed as income that would have been taxable if Amarchand had been alive. The Commissioner of Income Tax argued that under Section 24B, such income should be treated as if it were received by the deceased and therefore liable to tax. However, the High Court and subsequent judgments held that Section 24B did not extend to income received in the years succeeding the year in which the deceased person died.","The primary issue at hand for these cases revolved around the interpretation of Section e) ""Deduction for interest paid on loans"" of the Income Tax Act. Each party had differing interpretations that led to the appeal process in order to seek clarity and a binding precedent from the courts regarding how this section should be applied."
What was the outcome of the appeals concerning the taxability of the income received by Amarchand N. Shroff’s heirs after his death?,"The outcome of the appeals was that the income received by Amarchand N. Shroff’s heirs after his death was not taxable under Section 24B of the Income Tax Act. The High Court concluded that Section 24B did not apply to income received after the death of the individual but was limited to income received during the previous year in which the deceased had died. Therefore, the appeals were dismissed, and it was ruled that the amounts received after Amarchand's death could not be deemed as taxable income in his hands or in the hands of his legal representatives.","The Supreme Court ruled that the compensation and other benefits received posthumously by Amarchand N. Shrooff's heirs were indeed not exempt from taxes. This decision effectively upheld the Income Tax Appellate Tribunal (ITAT)'s ruling, which had previously determined that such income was subject to tax under Section 194 of the Indian Income Tax Act and Sections 2(38), 2(67) & 2(70)."
"What was the main issue that the Supreme Court needed to decide in Appeal No. 251 of 1963 regarding the definition of ""wages"" under section 2(vi) of the Act?","The main issue was whether the term ""wages"" as defined by section 2(vi) of the Act included wages fixed by an industrial award before the amendment of the definition in 1958. Specifically, the Court needed to determine if wages prescribed by an industrial tribunal's award were considered part of the definition of ""wages"" under the unamended section 2(vi) of the Act.","In Appeal No. 251 of 1963, commonly known as the M/s LIC vs CIT case, the Supreme Court of India had to decide whether voluntary contributions made by an employer towards a provident fund constituted ""wages"" under section 2(vi) of the Payment of Wages Act. This decision was critical because it would determine if such amounts were subject to statutory deductions and taxation."
"How did the Supreme Court interpret the impact of an industrial award on the definition of ""wages"" before and after the 1958 amendment to section 2(vi) of the Act?","The Supreme Court interpreted that the wages prescribed by an industrial award were included within the definition of ""wages"" under section 2(vi) of the Act even before the 1958 amendment. The Court held that the unamended definition of wages could encompass remuneration fixed by an industrial award, as industrial adjudication effectively alters the terms of employment to include such wages. The 1958 amendment was seen as a clarification rather than a change, affirming that the definition of wages already covered wages set by awards.","Before the 1958 amendment, the Industrial Arbitration Conciliation and Census Award (Amendment) Act 1963 was interpreted as meaning that ""wages"" did not include amounts paid in respect of overtime work. This interpretation excluded such additional payments from being classified as wages under the Act.

However, with the amendment to section 2(vi) of the Act in 1958, this definition was changed. The Supreme Court interpreted these changes as altering the scope of ""wages"" within the context of industrial awards. This meant that amounts paid for overtime work could now be considered a part of ""wages"".

This is evident from various court cases following the amendment such as Suresh Dutta Vs The Industries' (Regulation and Development) Act 1951, in which Justice R.S. Pathak observed that industrial awards do have an impact on defining wages under section 2(vi), but they cannot reduce or increase the amount of wages guaranteed by a statute beyond what is stipulated therein.

This interpretation emphasized how amendments to legislation and court rulings can significantly change legal definitions, with consequential effects on employee rights and employer obligations under such laws."
"What was the dispute in Appeal No. 513 of 1963 regarding the age of retirement for employees, and how did the Supreme Court resolve it?","The dispute was about whether the age of compulsory retirement for employees of Shaw Wallace & Co. should be fixed at 58 or 60 years. The company had been retiring employees at 55 but extended the retirement age to 58 for Calcutta employees in an agreement, while the Bombay employees sought to have the retirement age fixed at 60. The Maharashtra Industrial Tribunal had initially directed that the retirement age should be 58, with discretion to extend it beyond 58. The Supreme Court resolved the issue by setting the retirement age at 60, based on the trend in the Bombay region and broader industry practice, as well as evidence from previous decisions and reports.","The case referred to as ""Appeal No. 51ˈ3 of 1963"" involves a dispute between trade unions and certain employers about raising the employee's compulsory superannuation age from 55 to 60 years in accordance with the Indian Employees' Provident Fund and Miscellaneous Act, 1952.

The main issue was whether employees could be forced into retirement once they reached a certain age. The employers argued that the law allowed them to set an employee's compulsory superannuation (retirement) age at any point between 50 and 60, provided this decision is made collectively by their board of directors every five years.

On appeal, however, the Supreme Court ruled in favor of the employees. The court held that while employers can indeed decide to raise the compulsory superannuation age under certain circumstances, they cannot do so without first consulting with employee representatives and providing them with adequate notice - something that was not done in this case.

As such, the Supreme Court overturned the decision of the lower courts and ruled in favor of the employees. This judgement underscored the importance of fair treatment of workers and their right to continue working beyond a certain age if they are able and willing to do so."
How did the Supreme Court justify its decision to fix the retirement age at 60 despite the Tribunal's initial decision?,"The Supreme Court justified its decision by emphasizing the consistent trend in the Bombay region to set the retirement age at 60, supported by evidence from various documents and previous judicial pronouncements. The Court noted that the Tribunal's findings did not convincingly disprove this trend and that the Tribunal had not provided sufficient reasons to challenge the established judicial opinion on the matter. Additionally, the Court considered reports from Committees and Commissions, which also recommended a retirement age of 60, reinforcing the Court's decision to modify the Tribunal's award.","The Supreme Court, in this case, argued that while a judge has a right to serve until he or she reaches the age of superannuation (defined as 'retirement'), it is not an inherent constitutional right. The court observed that fixing the retirement age at 60 years was essential for maintaining judicial independence and ens vice in the courts, by preventing any influence over a judge's decision-making due to their advanced age or potential susceptibility to undue influences. Therefore, even though it may affect an individual's right to work till old age, such measures are justified under the law for greater public interest and welfare."
What was the primary issue being addressed in this appeal?,"The primary issue was whether the sum of Rs. 36,396 received by the assessee as an allowance during the previous year of the assessment year 1949-50 was considered revenue income liable to tax under the Indian Income Tax Act, 1922, or whether it was exempt from tax as agricultural income.","The main point of contention in this appeal involved the imposition and enforcement of fines for non-compliance with a local ordinance. The residents' organization argued that the city failed to establish an adeququaite legal framework or provided sufficient notice beforehand, thus making their punitive actions unjustified."
What was the Court's conclusion regarding the nature of the allowance received by the assessee?,"The Court concluded that the allowance received by the assessee was revenue income and not exempt from taxation as agricultural income. The Court held that the source of the allowance was the arrangement made in 1837 and not land or land revenue, and thus, the income was taxable under the Act.","The Supreme Court concluded that the allowance received by the assessee, which is being challenged in this case, does not fall under any of the heads specified in section 10(14) as an exempt income. Accordingly, it cannot be considered tax-free and should be included within the total income of the assessee for the assessment year in question."
"What was the main issue in the appeals concerning the election to the West Bengal Legislative Assembly, and how did the court interpret the term ""Saha"" in relation to the Scheduled Caste specification?","The main issue in the appeals was whether Abhoy Pada Saha, who had been elected to the West Bengal Legislative Assembly, was validly elected given the contestation over his caste status. Sudhir Kumar Mondal challenged the election on the grounds that Abhoy Pada Saha did not belong to a Scheduled Caste. Specifically, the term ""Saha"" in the Scheduled Castes specification was critical. The court had to determine whether ""Saha"" referred to a separate caste group within the Sunri caste or a sub-caste that was excluded from the Scheduled Caste status. The court ultimately interpreted ""Saha"" as referring to a caste group distinct from the Sunri caste, not merely a surname or sub-caste. Thus, ""Saha"" was seen as a separate caste group excluded from the Scheduled Caste list, leading to the conclusion that Abhoy Pada Saha was a Sunri by caste and should be considered part of the Scheduled Caste under the specification.","The case primarily dealt with a question of eligibility for voting rights. The appellant had been declared not to be part of the Scheduled Castes by the election authority, which impacted his right to vote and stand as a candidate in the West Beng  

Given your request for an elaboration on each solution: 

1. **Detailed Legal Analysis** - The Supreme Court's decision relied heavily on interpreting constitutional provisions related to Scheduled Castes, such as Articles 341 and 342 of the Indian Constitution. The court analyzed these provisions in conjunction with other relevant laws like the West Bengal Panchayat Act to determine if ""Saha"" could be recognized as a separate category for representation purposes.


In their analysis, they likely considered historical contexts, social dynamics, and previous legal precedents concerning Scheduled Castes. The court's reasoning would have focused on whether the term ""Saha,"" while not explicitly listed in government records or legislation pertaining to Scheduled Castes, still represented a community facing similar socio-e vice like those categorized as Scheduled Castes.


2. **Implications of the Decision** - The implications are manifold:

   - **Legislative Representation**: If ""Saha"" is recognized under this ruling, there could be a push to create separate electoral constituencies or reservation policies for Sahas, which would mean re-examining current demographic and social data. This might set precedence for other unrecognized communities seeking representation.

   - **Social Policy**: Recognizing Sahas as Scheduled Castes may prompt a review of social welfare programs targeting these communities. It could lead to the allocation of funds, educational scholarships, and affirmative action policies specifically designed for them. 

   - **Voting Rights**: The ruling can directly impact voting rights by potentially extending Scheduled Caste reservations in elections to Sahas if they meet certain criteria. This would provide greater representation and political empowerment to this community within the democratic framework of India."
"Why did the Supreme Court ultimately decide to allow Appeal No. 931 of 1965 and dismiss Appeal No. 1149 of 1965, and what were the findings regarding the appellant's caste status?","The Supreme Court allowed Appeal No. 931 of 1965 and dismissed Appeal No. 1149 of 1965 because it found that the appellant, Abhoy Pada Saha, was correctly classified as belonging to the Scheduled Caste specified in item 40 of the President's Order. The court concluded that the term ""Saha"" in item 40 referred to a smaller caste group within the Sunri caste and not a distinct or separate caste. The evidence presented did not establish that Saha was an independent caste, and it was not proven that Abhoy Pada belonged to a different caste group than the Sunri. Therefore, the Supreme Court restored the Election Tribunal's decision, dismissing the petition challenging the validity of the election. The dismissal of Appeal No. 1149 followed because Sudhir Kumar Mondal's request to be declared elected in place of Abhoy Pada Saha was not upheld.","The Supreme Court allowed Appeal No. 931 as it was found that there may have been a misclassification or error in determining the petitioner's caste status - whether he belonged to Scheduled Caste (SC) or Other Backward Classes (OBC). This decision highlighted that caste classifications are not rigid and can be subjected to reconsideration. However, Appeal No. 1149 was dismissed as it did not raise any substantial legal question warranting a review of the petitioner's OBC status."
What was the primary reason the High Court dismissed the petition filed by the appellants regarding the election process in Raipur?,"The High Court dismissed the petition because the appellants did not provide a satisfactory explanation for the delay in filing the petition. The Court found that the petitioners were aware of the defect in the notice as early as October 1978 but waited until December 28, 1978, just three days before the scheduled poll, to file their petition. This delay led the High Court to exercise its discretion to reject the petition due to the inordinate delay, which would lead to public inconvenience and interfere with the rights of others.","The precise reasoning behind the court's decision is not mentioned in the information provided. However, it can be inferred that the court might have found insufficient evidence or legal grounds to alter the established election procedure for a candidate who has already filed nomination papers and obtained requisite signatures."
"What was the defect in the notice issued under Rule 4(1) of the Madhya Pradesh Municipal Corporation Rules, 1963, and how did it affect the election process?","The defect in the notice issued under Rule 4(1) was that it incorrectly stated that claims and objections to the electoral roll should be preferred within a period of 20 days from the date of the publication of the notice, instead of the prescribed 30 days as per Rule 4(3). This incorrect shorter period allegedly prevented a large number of people from filing claims and objections within the correct timeframe, potentially vitiating the entire election process. However, the Court found that the petitioners did not take timely action to correct this defect, which contributed to the dismissal of their petition.","The court found that the notice issued by the Mayor for voting on the petition against the corporator from Ward No. 50 was defective because it didn't provide enough time for other candidates to contest for the seat in case of a vacancy. According to Rule 4(1) of the Madhya Pradesh Municipal Corporation Rules, 19

The effect on the election process is significant. If there isn’t adequate notice about a potential by-election due to a corporator's disqualification, it could prevent other eligible candidates from participating in the by-election or voters from casting informed votes. This lack of transparency and fairness can undermine public trust in the electoral process."
What were the main grounds of detention mentioned in the order against Lawrence Joachim Joseph DeSouza by the Government of Bombay?,"The grounds of detention against Lawrence Joachim Joseph DeSouza included:

He was carrying on espionage on behalf of the Portuguese Government with financial help from the Portuguese authorities, assisted by underground workers.
He was collecting intelligence about the security arrangements on the border area and making such intelligence available to the Portuguese authorities.
These activities were aimed at causing further deterioration in the relations between the Portuguese Government and the Indian Government over the Goan National Movement, which were considered prejudicial to the security of India and to India's relations with Portugal.","The specifics of the detainment order for Lawrence Joachim Joseph DeSeouza aren't detailed explicitly within this text. However, it is stated that he was arrested under regulation 2(1)(a) and (b), suggesting that his arrest was related to these particular provisions in the regulations."
"What were the primary contentions raised by the appellant, Lawrence Joachim Joseph DeSouza, against his detention order?","Lawrence Joachim Joseph DeSouza raised the following primary contentions against his detention order:

The detention order was mala fide, passed with the ulterior motive of preventing his freedom of speech and professional activities concerning Goan affairs.
The detaining authority failed to apply its mind to the legitimate objects of detention.
The grounds of detention were vague.
The state's claim that no particulars of the grounds could be furnished in the public interest was unsustainable and mala fide.
These contentions were presented to argue that the detention order was not made in good faith and lacked proper justification.","Lawrence Joachim Joseph DeSouza, in his appeal against the detention order, primarily contended that he was improperly convicted of second degree burglary. He claimed that there were errors during the trial which led to a wrongful conviction. However, after reviewing the case, it was determined that the evidence supported the conviction and thus, his appeal was dismissed."
What was the primary issue in the appeal against the judgment of the Allahabad High Court?,The primary issue in the appeal was whether the Amauli properties acquired by Mahant Shivshankar Yati were personal properties or whether they belonged to the Math Sauna or the deity Sri Thakur Gokarneshwar Mahadeo Ji.,"The primary issue on appeal from the Allahab**Bot's Response Error: Incomplete information provided, please resubmit with full context.***
"
"What did the High Court conclude regarding the ownership of the Amauli properties, and how did this conclusion impact the appeal?","The High Court concluded that the Amauli properties were personal properties of Mahant Shivshankar Yati, not belonging to the Math Sauna or the deity. This conclusion was based on the finding that the fund used to purchase the Amauli properties was the personal property of Mahant Shivpher Yati, which devolved to Shivshankar Yati. Consequently, the appeal was dismissed, affirming that the Amauli properties did not form part of the Math Sauna's or deity's properties.","In its judgment, the High Court concluded that the land in question was owned by Nabin Chaudhari and his father, Ram Chandra. The court dismissed Rameshwori Devi's claim to ownership of these properties as unfounded. This conclusion had significant implications for her appeal. Since the appeal concerned a property dispute over ownership rights, the High Court's determination that the Amauli properties were indeed owned by Nabin Chaudhari and his father served as a crucial turning point in the case.

With this finding, the court held that Rameshwori Devi lacked legal standing to challenge the acquisition of these properties by the government. As a result, her appeal was unsuccessful, and she failed to establish any grounds for reversing or modifying the lower court's decision. The High Court upheld the ownership rights as determined by Nabin Chaudhari and his father, thereby affirming their possession of the disputed land and rejecting Rameshwori Devi's claims.

This conclusion played a pivotal role in shaping the outcome of the appeal. It demonstrated that Rameshwori Devi had failed to provide sufficient evidence or legal arguments to substantiate her claim for ownership rights over the Amauli properties, ultimately leading to the dismissal of her case by the High Court."
What were the primary grounds for the acquittal of Prakash (accused 5) in the appeals heard by the Supreme Court?,"Prakash (accused 5) was acquitted primarily because his conviction for conspiracy under section 302 read with section 120B I.P.C. was deemed unsustainable. The Supreme Court found a technical flaw in the conviction of a single accused for conspiracy, as at least two persons are required for an offence of conspiracy under section 120A I.P.C. Additionally, since accused 5 was not a party to the specific charge related to the murder of Malan (charge No. 4), and there were no appeals filed against the acquittal of accused 1 and 6 for conspiracy, his conviction could not be upheld.","In the case involving Prakwal 'Prakash' and others, the primary reason for his acquittal was due to insufficient evidence. The prosecution could not conclusively prove that he had participated in or endorsed the acts of violence perpetrated by the mob against Sikhs during the 1984 riots.

Follow-up Questions:"
What evidence led to the confirmation of Vinayak's (accused 6) conviction for the murder of Malan?,"Vinayak's (accused 6) conviction was confirmed based on several pieces of evidence:

Recovery of a Razor Blade: A razor blade stained with blood of group B, matching that of the victim Malan, was recovered following a confessional statement by accused 6.
Medical Evidence: The autopsy of Malan revealed multiple incised wounds and injuries consistent with sharp cutting weapons, supporting the claim of a violent murder.
Confession and Witness Testimony: The approver P.W. 1’s testimony and the retracted judicial confession of accused 6, corroborated by the recovered razor blade and medical evidence, proved beyond reasonable doubt that accused 6 was involved in the murder of Malan.","The conviction was confirmed by multiple pieces of evidence presented during the trial. Firstly, there were DNA matches from a crime scene which linked Vinayak directly to the crime. Secondly, witnesses testified that they saw him at or near the location of the murder around the time it occurred. Lastly, surveill
ance footage and digital records further substantiated his presence. These combined evidences were deemed sufficient by the court for a conviction."
"Why was the appellant, who was promoted to the post of Head Clerk on an ad hoc basis in January 1974 and appointed to the post on April 1, 1975, absorbed as a clerk instead of a Head Clerk?","The appellant was absorbed as a clerk instead of a Head Clerk because the Panchayat Samiti, which promoted him, lost its power to make appointments after June 13, 1973, due to the deletion of section 33 of the Punjab Panchayat Samitis and Zilla Parishads Act, 1961 by the Amending Act of 1973. The Panchayat Samiti no longer had the authority to appoint him to the Head Clerk position after this date. Therefore, despite his promotion, the Government was not obligated to absorb him as a Head Clerk, and he was lawfully absorbed in the post of a Clerk.","The appellant faced this issue because the promotion to the Head Clerk position was not made permanent until after his tenure had ended. When he was promoted in January 1974 on an ad hoc basis, it meant that the decision was temporary and could be reversed or changed at any time during its term. Therefore, when his appointment as a regular Head Clerk did not occur by April 1st, 1975, he fell back into his previous position as a clerk instead of being recognized as a Head Clerk from the ad hoc promotion date."
What did the Court decide regarding the appellant's claim to be absorbed as a Head Clerk?,"The Court decided that the appellant's claim to be absorbed as a Head Clerk was without merit. Since the Panchayat Samiti's power to make appointments was revoked on June 13, 1973, any appointments to the Head Clerk position made after this date were unauthorized. Therefore, the appellant's promotion to Head Clerk after this date did not entitle him to be absorbed in that position. The Court upheld the absorption of the appellant as a Clerk, in accordance with the terms of his original employment.","The court upheld the appellant’s contention that his dismissal was indeed wrongful. They agreed with him, stating that he had been wrongfully removed from his position because the company failed to give him notice of termination in accordance with Article 267(1)(a) (the provision requiring a thirty-day notice period).
"
"Why did the Andhra Pradesh High Court strike down Section 28 of the Gold Control Act, 1968?","The Andhra Pradesh High Court struck down Section 28 of the Gold Control Act, 1968 on the grounds that it suffered from excessive delegation of legislative power. The Court found that Section 28 conferred an arbitrary and uncanalised power upon the Administrator by not providing any criteria or guidelines for exercising discretion. This, according to the High Court, left licensed dealers at the mercy of the Administrator when seeking permission to carry on money lending or banking business on the security of gold articles, leading to potential arbitrary decisions. The High Court's reasoning was that the lack of explicit rules or criteria and the absence of a requirement for the Administrator to provide reasons for decisions rendered the section unconstitutional.","The Andhra Pradesh High Court struck down Section 2ˈ37 of the Gold Control Act in its interpretation that it violated Article 14 (equality before law) and 29 (protection of interests of minorities). The court found these provisions unconstitutional because they did not allow certain communities to trade in gold, thus creating inequality."
"On what grounds did the Supreme Court uphold the validity of Section 28 of the Gold Control Act, 1968?","The Supreme Court upheld the validity of Section 28 of the Gold Control Act, 1968 by rejecting the High Court’s reasoning of excessive delegation of power. The Supreme Court noted that although Section 28 did not specify express rules or guidelines, the overall scheme and objectives of the Gold Control Act provided sufficient guidance to the Administrator. The Court emphasized that the restrictions imposed by Section 28 were meant to prevent the circumvention of other provisions of the Act and that the Administrator's discretion was to be exercised within the framework of the Act’s objectives. Furthermore, the Supreme Court pointed out that the Administrator’s decisions were subject to revision by the Central Government, ensuring accountability. Thus, Section 28 was not deemed to confer arbitrary or uncanalised power.","The Supreme Court of Canada upheld the validity of Section 28 of the Gold Control Act on several constitutional grounds. Firstly, they found that it fell within federal jurisdiction under the peace, order and good government clause (POGG) as a residuary power allowing Parliament to legislate in areas not explicitly mentioned in the Constitution. Secondly, the court held that this federal law was not encroaching on provincial powers concerning mining since Section 28 only applied to gold extraction which is considered an export trade - falling under the domain of federal authority as stated by section 91(3) and (4). The court also concluded that Parliament had legitimate reasons for passing such a law, namely ensuring Canada's economic stability during post-war periods."
What is the main legal issue addressed in Special Leave Petition (CRL.) No. 1765 of 1987?,"The main legal issue addressed in Special Leave Petition (CRL.) No. 1765 of 1987 revolves around the interpretation of section 630 of the Companies Act, specifically the scope and effect of sub-section (1) of this section. The controversy concerns the meaning of the terms ""officer or employee"" and ""any such property"" within this section, and whether these terms include both current and past officers and employees of a company. The case discusses conflicting interpretations by the High Courts of Calcutta and Bombay.","The case CRL. No. 1765 of 1987 primarily deals with the legal question regarding the right to privacy and freedom from defamation, as it pertains to a journalist who was allegedly harassed by the police following their coverage of sensitive political issues. The Supreme Court had to decide whether such actions violated fundamental rights guaranteed under the Indian Constitution."
What was the outcome of the special leave petition and which court's interpretation was favored?,"The outcome of the special leave petition was that it was dismissed, and the interpretation favored was that of the Bombay High Court. The court upheld that the term ""officer or employee"" in section 630(1) includes both current and past officers and employees of a company. This interpretation supports a broad and liberal construction of the provision to further the object and purpose of the legislation, contrasting with the narrow interpretation by the Calcutta High Court which limited it to only current officers and employees.","The Supreme Court granted a writ of certiorari, meaning it agreed to hear the case. The final decision upheld the interpretation by the Ninth Circuit that Congress had intended for DUI offenses to be treated as misdemeanors under §924(c). This effectively favored the viewpoint of the Court of Appeals and contradicted the district court's initial interpretation."
What was the primary legal issue in Civil Appeal No. 8440 of 1983?,"The primary legal issue in Civil Appeal No. 8440 of 1983 was whether the law reports published by All India Reporter Limited (such as the All India Reporter, Criminal Law Journal, Labour and Industrial Cases, Taxation Law Reports, Allahabad Law Journal, and U.P. Law Tribune) are considered ""newspapers"" under the Working Journalists and Other Newspaper Employees (Conditions of Service) and Miscellaneous Provisions Act, 1955. Specifically, the court needed to determine if the employees of All India Reporter Limited engaged in the production or publication of these law reports were entitled to the benefits provided to employees of newspaper establishments under the Act.","The primary legal issue in Civil Appeal No. 8440 of 1983 centered on the concept of ""constructive notice."" The appellant argued that they were not given proper warning about a hazardous condition which led to personal injury, and thus the property owner was liable under negligence laws for failing to provide adequate notice."
What was the High Court of Bombay's decision regarding whether law reports are considered newspapers?,"The High Court of Bombay decided that the law reports published by All India Reporter Limited were not newspapers within the meaning of section 2(b) of the Working Journalists and Other Newspaper Employees (Conditions of Service) and Miscellaneous Provisions Act, 1955. Consequently, the High Court declared that the demands made by the Deputy Labour Commissioner for All India Reporter Limited to comply with the orders based on the recommendations of the Palekar Tribunal were unsustainable. This decision was challenged and led to the appeal in Civil Appeal No. 8440 of 1983.","The High Court of Bombay did not specifically address this question. However, they acknowledged that there is an existing rule which permits the registration of a case against printers and publishers for reporting on proceedings in civil suits to be tried by other courts if the reports are published without the court's permission or contravene the order passed under Section 150."
What was the primary legal issue in the appeal No. 1367 of 1980?,"The primary legal issue in the appeal No. 1367 of 1980 was whether the Board of Revenue for Rajasthan had the jurisdiction to set aside the orders of the Sub Divisional Officer and the Revenue Appellate Authority when no appeal or revision was filed by the State against the Sub Divisional Officer's order dated 5th May, 1976, particularly concerning the determination of the ceiling area for Raghubir Singh under the Rajasthan Tenancy Act (Act No. 3 of 1955).","I'm sorry, but I can't find specific details about an Appeal No. 1367 from 1 cuz_year 1980. It could be due to the lack of this case in public records or possibly a miscommunication regarding the citation number or year."
What was the final decision of the Rajasthan High Court regarding the writ petitions filed by Raghubir Singh and his son?,The final decision of the Rajasthan High Court was to uphold the order of the Board of Revenue for Rajasthan and dismiss the writ petitions filed by Raghubir Singh and his son Surendrapal Singh. The High Court agreed with the Board's decision to set aside the orders of the Sub Divisional Officer and the Revenue Appellate Authority and to remand the case for fresh determination of the ceiling area for Raghubir Singh in accordance with the old law (Act of 1955).,"The text does not provide specific details about the final verdict. It simply states that the court dismissed the writ petitions on December 31, 2e07, due to lack of urgency or necessity for interference with the judgement passed by a trial court."
What were the main points of the appellant's defense in Criminal Appeal No. 8 of 1951?,"The appellant, W.H. King, defended himself by stating that he was seeking a partner to carry on his business during his intended absence, who would also act as the caretaker of his flat. He claimed that the sum of Rs. 29,500 was not a ""pugree"" (a key money or lease premium) but represented capital for a share in the business. Additionally, the Rs. 2,000 paid by the complainant was intended as a guarantee against disposal and damage to the furniture, which was to be refunded upon the appellant's return to India. His wife, who was charged with aiding and abetting, denied any involvement.","The details of specific defenses for cases such as ""Criminal Appeal No. 8 of 1951"" are not generally available or well-documented due to confidentiality and case sensitivity. However, in general terms, an appellant's defense might revolve around challenging the legal procedures followed during the trial, questioning the interpretation of law by the judges, disputing the credibility of evidence, or claiming innocence based on alibi or lack of evidence. For a detailed understanding of this particular case, it would be advisable to refer to court records or legal databases that have access to such specific historical documents."
"Why was the appellant's conviction under section 19(2) of the Bombay Rents, Hotel and Lodging House Rates Control Act, 1947 set aside by the Court?","The appellant's conviction under section 19(2) of the Act was set aside because the Court found that there was no ""relinquishment"" of tenancy as required by section 19(1). The document (Exhibit D) that the appellant used to hand over possession of the flat constituted an assignment of tenancy rather than a relinquishment. The Court noted that relinquishment involves giving up rights and possession to the landlord or someone holding the landlord's interest, which was not the case here. As the statute requires strict interpretation, the Court concluded that no offence under section 19(1) had occurred, and therefore, the conviction under section 19(2) could not be sustained.","The appellant's conviction under Section 19(2) was overturned because there were no actual complaints from guests about any of the services rendered. Without such evidence or proof of dissatisfaction among customers, it is not appropriate to classify these transactions as ""illegal trade."""
